canonical_site_code,canonical_site_name,canonical_operational_customer,canonical_contract_supply_amount,production_site_uuid,production_site_name,production_customer_name,production_legacy_budget,contract_amount_comparison,classification,confidence,matching_basis,candidate_count,recommended_action,review_reason,protected_same_name_group
S001,현대테라타워 시흥시청역 균열 1차,(주)삼표산업 인천몰탈공장,3198750,0d593101-64f5-461f-a897-6e98801ed69d,현대테라타워 시흥시청역 균열보수 1차,(주)삼표산업 인천몰탈공장,3198750,EXACT_AMOUNT,AUTO_SAFE_LINK,HIGH,single candidate supported by customer + amount + name context (0.87),2,LINK,,
S002,일산지하차도 균열 및 부분터치업,주식회사 소명건설,780000,0ef0a27b-051c-47c6-88f5-5ae8c0608003,일산지하차도 PC부재 균열 및 부분터치업,주식회사 소명건설,780000,EXACT_AMOUNT,AUTO_SAFE_LINK,HIGH,single candidate supported by customer + amount + name context (0.80),1,LINK,,
S003,"힐스테이트 송도레이크4차 (2월건성, 3월삼표, 4월건성)",(주)건성,134350800,12f46c0d-286e-48b1-be2e-70de8c268676,"힐스테이트 송도레이크4차 PC부재보수(2월건성,3월삼표,4월건성)",(주)건성,134350800,EXACT_AMOUNT,AUTO_SAFE_LINK,HIGH,single candidate supported by customer + amount + name context (0.83),1,LINK,,
S006,안성일죽 물류센터PC마감 2차 기성,제이와이 컨스트럭션,17500000,2aa9666d-415d-4291-94f0-356b7b4db3e6,안성일죽 물류센터PC마감 2차 기성,제이와이 컨스트럭션,17500000,EXACT_AMOUNT,EXACT,HIGH,normalized display name + customer + contract amount,2,LINK,,
S007,삼표 여주공장 전기배관 및 박스 설계 오류,세움PC엔지니어링,3000000,2ce232ba-d17d-486d-8c77-7ec5c427f043,삼표 여주공장 PC부재 전기배관 및 박스 설계 오류 보수,세움PC엔지니어링,3000000,EXACT_AMOUNT,AUTO_SAFE_LINK,HIGH,single candidate supported by customer + amount + name context (0.79),1,LINK,,
S008,서대구 힐스테이트,(주)대우에스티,18000000,34107a34-f86f-4d60-bc83-efc0797732fa,서대구 힐스테이트 현장 보수비,(주)대우에스티,18000000,EXACT_AMOUNT,AUTO_SAFE_LINK,HIGH,single candidate supported by customer + amount + name context (0.74),1,LINK,,
S010,안성일죽 물류센터PC마감 1차기성,제이와이 컨스트럭션,62500000,36be6eb3-f373-45a2-ba32-39000f322194,안성일죽 물류센터PC마감 1차기성,제이와이 컨스트럭션,62500000,EXACT_AMOUNT,EXACT,HIGH,normalized display name + customer + contract amount,2,LINK,,
S013,영등포 자이 디그니티 균열,(주)삼표산업 인천몰탈공장,4910000,489093cc-2d93-485b-b508-6e66438fef2f,영등포 자이 디그니티 균열보수,(주)삼표산업 인천몰탈공장,4910000,EXACT_AMOUNT,AUTO_SAFE_LINK,HIGH,single candidate supported by customer + amount + name context (0.91),1,LINK,,
S014,롯데 청량리 7구역 균열,(주)삼표산업 인천몰탈공장,2205000,4928cd7d-cd6b-407d-b8c0-b5d86daba910,롯데 청량리 7구역 균열보수,(주)삼표산업 인천몰탈공장,2205000,EXACT_AMOUNT,AUTO_SAFE_LINK,HIGH,single candidate supported by customer + amount + name context (0.90),1,LINK,,
S016,힐스테이트 봉담 프라이드시티,삼표피앤씨 주식회사,962500,527e88b9-91a2-4456-a030-a1910db9f3b0,힐스테이트 봉담 프라이드시티 PC부재보수,삼표피앤씨 주식회사,962500,EXACT_AMOUNT,AUTO_SAFE_LINK,HIGH,single candidate supported by customer + amount + name context (0.80),1,LINK,,
S017,송도센터파크,삼표피앤씨 주식회사,1800000,5603ec61-debc-40d3-bef8-c602be4f9f43,송도센터파크탑라이트 설계변경으로 인한 보수의건,삼표피앤씨 주식회사,1800000,EXACT_AMOUNT,DUPLICATE_NAME_SEPARATE_CONTRACT,MEDIUM,protected SONGDO; amount agrees; customer agrees; name score 0.38,2,DEFER,Separate-contract rule fixed; UUID linkage requires review,SONGDO
S018,아이에스동서 부산기장 PC세그먼트 볼트박스·마감,(주) 지엠에스코리아,5800000,5d4991b9-bdd3-449c-a152-6d27cff37271,아이에스동서 부산기장  PC세그먼트 볼트박스 보수 및 마감공사,(주) 지엠에스코리아,5800000,EXACT_AMOUNT,AUTO_SAFE_LINK,HIGH,single candidate supported by customer + amount + name context (0.85),1,LINK,,
S020,창원 더퍼스트 (현대건설),(주)건성,46727555,6a0aa6e1-a1fe-45a4-b59a-a1d054a222aa,창원 더퍼스트(현대건설) 지하주차장 PC부재보수,(주)건성,46727555,EXACT_AMOUNT,AUTO_SAFE_LINK,HIGH,single candidate supported by customer + amount + name context (0.62),1,LINK,,
S021,힐스테이트 세종2차 가온마을1단지 (현대엔지니어링),삼표피앤씨 주식회사,7049000,70311803-50f0-45ad-958a-386055af6d93,힐스테이트 세종2차 가온마을1단지(현대엔지니어링) PC부재,삼표피앤씨 주식회사,7049000,EXACT_AMOUNT,AUTO_SAFE_LINK,HIGH,single candidate supported by customer + amount + name context (0.92),1,LINK,,
S023,힐스테이트 부천 범박 일루미스테이트 (현대건설),삼표피앤씨 주식회사,4809000,81518e5e-c844-427d-bec7-c61a1a82cfa3,힐스테이트 부천 범박 일루미스테이트(현대건설) PC부재 보수,삼표피앤씨 주식회사,4809000,EXACT_AMOUNT,AUTO_SAFE_LINK,HIGH,single candidate supported by customer + amount + name context (0.84),1,LINK,,
S024,M15 설계오류 부재 (이천공장),아이에스동서(주) 이천지점,900000,821ddde1-4045-4fc3-b74d-e78c41fb67a8,M15 설계오류 부재 보수공사(이천공장),아이에스동서(주) 이천지점,900000,EXACT_AMOUNT,AUTO_SAFE_LINK,HIGH,single candidate supported by customer + amount + name context (0.79),1,LINK,,
S026,일산 이편한세상 기둥 면처리28개소,주식회사 소명건설,1980000,88a24862-f8e6-41d0-bc00-ae10c4217b57,일산 이편한세상 기둥 면처리28개소,주식회사 소명건설,1980000,EXACT_AMOUNT,EXACT,HIGH,normalized display name + customer + contract amount,1,LINK,,
S027,인천검단 AA10-1BL 공동주택 PC공사,(주)삼일씨엔에스,12000000,8bee6a1c-0e78-486e-8b37-7382b8dafcd2,인천검단 AA10-1BL 공동주택 지하주차장 PC공사 보수 용역,(주)삼일씨엔에스,12000000,EXACT_AMOUNT,AUTO_SAFE_LINK,HIGH,single candidate supported by customer + amount + name context (0.76),1,LINK,,
S029,힐스테이트 당진 (현대건설),삼표피앤씨 주식회사,8729000,99632d90-511a-44d6-afd4-3f6769d29c91,힐스테이트 당진(현대건설) 지하주차장 PC부재 보수,삼표피앤씨 주식회사,8729000,EXACT_AMOUNT,AUTO_SAFE_LINK,HIGH,single candidate supported by customer + amount + name context (0.65),2,LINK,,
S030,인천검단 이편한세상 HCS 워터홀 망사,주식회사 소명건설,10000000,9e120ad2-633c-4269-bae6-15b168ccbcb6,인천검단 이편한세상 HCS 워터홀 망사보수,주식회사 소명건설,10000000,EXACT_AMOUNT,AUTO_SAFE_LINK,HIGH,single candidate supported by customer + amount + name context (0.94),2,LINK,,
S032,이천중리2차우미 PC거더마감,한국오션플랫폼 주식회사,7800000,a6ae13b4-44ae-4640-bee3-8c9146851992,이천중리2차우미 지하주차장 PC거더마감보수,한국오션플랫폼 주식회사,7800000,EXACT_AMOUNT,AUTO_SAFE_LINK,HIGH,single candidate supported by customer + amount + name context (0.73),1,LINK,,
S033,"반포래미안 1차, 최종기성",(주)케이씨산업,20000000,ab405b52-9df3-4979-b47c-dd01eee0f695,"반포래미안 PC부재 보수공사 1차,최종기성",(주)케이씨산업,20000000,EXACT_AMOUNT,AUTO_SAFE_LINK,HIGH,single candidate supported by customer + amount + name context (0.64),1,LINK,,
S034,이천중리지구우미 PC거더 균열·면마감,(주)케이세웅건설 충주피씨공장,19900000,ad41c8b8-acb7-44d9-b78a-4451b3266965,이천중리지구우미 지하주차장pc거더균열보수및면보수마감,(주)케이세웅건설 충주피씨공장,19900000,EXACT_AMOUNT,AUTO_SAFE_LINK,HIGH,single candidate supported by customer + amount + name context (0.63),1,LINK,,
S035,속초 힐스테이트 균열,(주)삼표산업 인천몰탈공장,6970000,ae1a4bec-35c3-4401-be6a-1e082e45b071,속초 힐스테이트 균열보수,(주)삼표산업 인천몰탈공장,6203750,DIFFERENT_AMOUNT,REVIEW_REQUIRED,LOW,candidate ranking only (0.89),3,DEFER,Insufficient multi-evidence identity proof,
S036,"HS 동탄파크릭스 1, 2BL (마감)",삼표피앤씨 주식회사,15400000,b55587d1-d9b8-4232-b288-58a7186d402b,"HS 동탄파크릭스 1, 2BL PC부재(마감)보수",삼표피앤씨 주식회사,15400000,EXACT_AMOUNT,AUTO_SAFE_LINK,HIGH,single candidate supported by customer + amount + name context (0.75),1,LINK,,
S037,동탄파크릭스 (동부건설) 노출마감,제이와이 컨스트럭션,6000000,bf4a0840-212d-44c1-b764-df2ef94cae67,동탄파크릭스(동부건설) PC부재 노출마감,제이와이 컨스트럭션,6000000,EXACT_AMOUNT,AUTO_SAFE_LINK,HIGH,single candidate supported by customer + amount + name context (0.80),1,LINK,,
S039,청주 sk 하이닉스 m15x,주식회사 주한산업,700000,caf73f1f-ba0c-4eca-9f6e-1c253307ae74,청주 sk 하이닉스 m15x 보수,주식회사 주한산업,700000,EXACT_AMOUNT,AUTO_SAFE_LINK,HIGH,single candidate supported by customer + amount + name context (0.92),2,LINK,,
S040,힐스테이트 익산 마동 (현대건설),삼표피앤씨 주식회사,2520000,ce807ee2-7e23-48e2-81e5-a33f10a2fc19,힐스테이트 익산 마동(현대건설) PC부재 보수,삼표피앤씨 주식회사,2520000,EXACT_AMOUNT,AUTO_SAFE_LINK,HIGH,single candidate supported by customer + amount + name context (0.80),1,LINK,,
S041,안성CDC (KR산업) 물류센터,(주)건성,26440400,d594d11e-d208-43f7-bb4e-d38672645893,안성CDC(KR산업) 물류센터 PC부재보수,(주)건성,26440400,EXACT_AMOUNT,AUTO_SAFE_LINK,HIGH,single candidate supported by customer + amount + name context (0.80),1,LINK,,
S042,용인 Y1 SK하이닉스 IBL CUB동 PC 이색 보수공사(2025-09 기술용역),아이에스동서(주),5740000,dd456f1f-4032-4026-ad3e-5b1b2a0b34de,용인 Y1 SK하이닉스 IBL CUB동 PC 이색 보수공사,아이에스동서(주),5740000,EXACT_AMOUNT,AUTO_SAFE_LINK,HIGH,single candidate supported by customer + amount + name context (0.83),4,LINK,,
S044,현대테라타워 시흥시청역 균열 2차,(주)삼표산업 인천몰탈공장,995000,de226854-b1d1-4f9e-abf6-ebe923101557,현대테라타워 시흥시청역 균열보수 2차,(주)삼표산업 인천몰탈공장,995000,EXACT_AMOUNT,AUTO_SAFE_LINK,HIGH,single candidate supported by customer + amount + name context (0.87),2,LINK,,
S045,인천검단 이편한세상 PC조인트 충진 및제거,주식회사 명인이엔지,3000000,ed744319-1e57-45f4-8933-5f52b54f7a4d,인천검단 이편한세상 PC조인트 충진 및제거,주식회사 명인이엔지,3000000,EXACT_AMOUNT,EXACT,HIGH,normalized display name + customer + contract amount,1,LINK,,
S046,힐스테이트 용인 둔전역 (현대건설) 마감,삼표피앤씨 주식회사,4256000,f06f70ab-9174-45f8-97ce-b822a1b8ecdf,힐스테이트 용인 둔전역(현대건설) PC부재 (마감)보수,삼표피앤씨 주식회사,4256000,EXACT_AMOUNT,AUTO_SAFE_LINK,HIGH,single candidate supported by customer + amount + name context (0.78),1,LINK,,
S048,은평 자이더스타,(주)삼표산업 인천몰탈공장,1690000,01c1c191-6350-476e-99ea-fbebdbe414c3,은평 자이더스타,(주)삼표산업 인천몰탈공장,1690000,EXACT_AMOUNT,EXACT,HIGH,normalized display name + customer + contract amount,1,LINK,,
S049,공덕자이 PC발코니 부재,(주)금형건설,3800000,020eae00-97cb-4f37-ad1e-0c2fbcbfb797,공덕자이 PC발코니 부재 보수공사,(주)금형건설,3800000,EXACT_AMOUNT,AUTO_SAFE_LINK,HIGH,single candidate supported by customer + amount + name context (0.83),1,LINK,,
S050,용인 Y1 SK하이닉스 IBL CUB동 PC 이색 보수 철야공사(2025-12),아이에스동서(주),18200000,05b1575c-b4f0-48c7-9a45-4d45e031cc2d,용인 Y1 SK하이닉스 IBL CUB동 PC 이색 보수 철야공사(12월),아이에스동서(주),18200000,EXACT_AMOUNT,AUTO_SAFE_LINK,HIGH,single candidate supported by customer + amount + name context (0.89),5,LINK,,
S051,힐스테이트 마포더퍼스트 균열,(주)삼표산업 인천몰탈공장,962500,0cd62e37-d43e-45ad-aafa-879c41a86c6b,힐스테이트 마포더퍼스트 균열보수,(주)삼표산업 인천몰탈공장,962500,EXACT_AMOUNT,AUTO_SAFE_LINK,HIGH,single candidate supported by customer + amount + name context (0.92),2,LINK,,
S052,음성파일공장 바닥 크랙,아이에스동서(주),1845000,0ed1c438-90fb-4244-ac7f-f90b5978a487,음성파일공장 바닥 크랙보수,아이에스동서(주),1845000,EXACT_AMOUNT,AUTO_SAFE_LINK,HIGH,single candidate supported by customer + amount + name context (0.90),1,LINK,,
S053,대전 가장 더퍼스트 힐스테이트,삼표피앤씨 주식회사,5600000,168e1c9a-0686-44c8-a54c-33c7a2180f83,대전가장더퍼스트,삼표피앤씨 주식회사,5600000,EXACT_AMOUNT,AUTO_SAFE_LINK,HIGH,single candidate supported by customer + amount + name context (0.74),2,LINK,,
S054,동양 인천검단레이트,(주)삼일씨엔에스,9230000,1881dfa7-1412-40ae-aca9-44f7ec4cc7d9,동양 인천검단레이트,(주)삼일씨엔에스,9230000,EXACT_AMOUNT,EXACT,HIGH,normalized display name + customer + contract amount,1,LINK,,
S055,여주점봉물류센터 (한화건설),(주)삼일씨엔에스,247885700,29655d43-31af-4707-b8c5-fd506ab8fcfa,여주점봉물류센터(한화건설) PC부재 보수,(주)삼일씨엔에스,247885700,EXACT_AMOUNT,AUTO_SAFE_LINK,HIGH,single candidate supported by customer + amount + name context (0.79),1,LINK,,
S056,이랜드 북가좌 임대주택 (특수),(주)삼표산업 인천몰탈공장,3390000,2ff5d22d-5cb2-4242-904b-ca2abe41fe88,이랜드 북가좌 임대주택(특수보수),(주)삼표산업 인천몰탈공장,3390000,EXACT_AMOUNT,AUTO_SAFE_LINK,HIGH,single candidate supported by customer + amount + name context (0.92),1,LINK,,
S057,양우건설 과천지식정보타운 균열,(주)삼표산업 인천몰탈공장,1993750,351eadf5-1688-4a75-a2fd-bc77d646d956,양우건설 과천지식정보타운 균열보수,(주)삼표산업 인천몰탈공장,1993750,EXACT_AMOUNT,AUTO_SAFE_LINK,HIGH,single candidate supported by customer + amount + name context (0.93),1,LINK,,
S058,포항 환호공원1블럭 (현대건설),삼표피앤씨 주식회사,94511500,3a17153c-9d21-4759-a804-c6cf1da4d82a,포항 환호공원1블럭(현대건설) 지하주차장 PC부재 보수,삼표피앤씨 주식회사,94511500,EXACT_AMOUNT,AUTO_SAFE_LINK,HIGH,single candidate supported by customer + amount + name context (0.69),1,LINK,,
S059,이천중리우미2차 PC 기둥,한국오션플랫폼 주식회사,1500000,3e9d2aad-ead8-4f41-b557-0572fc40d7eb,이천중리우미2차 PC 기둥보수,한국오션플랫폼 주식회사,1500000,EXACT_AMOUNT,AUTO_SAFE_LINK,HIGH,single candidate supported by customer + amount + name context (0.92),1,LINK,,
S060,"용인Y1하이닉스 cub동 6층 (4월, 5월발행)",현대PCE,10700000,4264c4d1-c564-4b6a-996f-49254a2b526a,"용인Y1하이닉스 cub동 6층(4월,5월발행)",현대PCE,10700000,EXACT_AMOUNT,EXACT,HIGH,normalized display name + customer + contract amount,1,LINK,,
S061,인천주안힐스테이트 균열 (25년1월청구),삼표피앤씨 주식회사,14553000,4e2e9be4-4f93-4520-8adf-0df85dc9a86f,인천주안힐스테이트 균열보수(25년1월청구),삼표피앤씨 주식회사,14553000,EXACT_AMOUNT,AUTO_SAFE_LINK,HIGH,single candidate supported by customer + amount + name context (0.89),1,LINK,,
S062,대전 도안1단지 (현대건설),삼표피앤씨 주식회사,27239000,501c2606-3c41-4d8c-ba8e-eec823baf669,대전 도안1단지(현대건설) 지하주차장 PC부재 보수,삼표피앤씨 주식회사,27239000,EXACT_AMOUNT,AUTO_SAFE_LINK,HIGH,single candidate supported by customer + amount + name context (0.65),2,LINK,,
S063,PC기둥 미니브라켓 설계누락 외,주식회사 이앤디몰구조엔지니어링,31240000,5a20db88-710f-4c13-afc9-c4663d6592ae,PC기둥 미니브라켓 설계누락 외,주식회사 이앤디몰구조엔지니어링,31240000,EXACT_AMOUNT,EXACT,HIGH,normalized display name + customer + contract amount,1,LINK,,
S064,대전도안 지하차도,유한회사 대영,2300000,5b925522-72de-4297-a8bd-2091c6e1e071,대전지하차도 PCWALL 상부 단차보강작업,유한회사 대영,2300000,EXACT_AMOUNT,DUPLICATE_NAME_SEPARATE_CONTRACT,MEDIUM,protected DAEJEON; amount agrees; customer agrees; name score 0.31,2,DEFER,Separate-contract rule fixed; UUID linkage requires review,DAEJEON
S065,대조1구역,(주)삼표산업 인천몰탈공장,25531250,,,,,PRODUCTION_NULL_OR_ZERO,CANONICAL_ONLY,0,no credible Production candidate,0,KEEP_CANONICAL_ONLY,,DAEJO
S066,광주신용더리버,삼표피앤씨 주식회사,4596900,78db9ec3-4577-4582-ab0e-c880ca954dff,광주신용더리버,삼표피앤씨 주식회사,4596900,EXACT_AMOUNT,EXACT,HIGH,normalized display name + customer + contract amount,1,LINK,,
S067,여수 죽림더프라우드 (현대건설),삼표피앤씨,39989000,9ddbc746-f1a2-47da-99d5-483239c91fb4,여수 죽림더프라우드(현대건설)지하주차장 PC부재 보수 2차,삼표피앤씨 주식회사,0,PRODUCTION_NULL_OR_ZERO,DUPLICATE_NAME_SEPARATE_CONTRACT,MEDIUM,protected YEOSU; amount differs; customer agrees; name score 1.00,3,DEFER,Separate-contract rule fixed; UUID linkage requires review,YEOSU
S068,여수 죽림더프라우드 (현대건설),삼표피앤씨,17030000,819c0b09-d093-4717-a09d-86896d527845,심표설계 삼표포항공장(여수죽림 발코니),삼표피앤씨 주식회사,17030000,EXACT_AMOUNT,DUPLICATE_NAME_SEPARATE_CONTRACT,HIGH,protected YEOSU; amount agrees; customer agrees; name score 0.81,5,LINK_AFTER_USER_REVIEW,Separate-contract rule fixed; UUID linkage requires review,YEOSU
S069,고양 장항 풍경채 (특수),(주)삼표산업 인천몰탈공장,16150000,81f58ea5-0cdb-4c84-8680-66f5b351c169,고양 장항 풍경채(특수보수),(주)삼표산업 인천몰탈공장,16150000,EXACT_AMOUNT,AUTO_SAFE_LINK,HIGH,single candidate supported by customer + amount + name context (0.89),2,LINK,,
S070,대전학하동포레나 HCS인젝션,(주)케이세웅건설 충주피씨공장,2600000,88163fcf-1897-4924-ba5c-eedad4b1e9fc,대전학하동포레나 HCS인젝션보수,(주)케이세웅건설 충주피씨공장,2600000,EXACT_AMOUNT,AUTO_SAFE_LINK,HIGH,single candidate supported by customer + amount + name context (0.93),1,LINK,,
S071,화성제조,주식회사이노피앤씨,0,89e6af95-832d-42d6-aae4-ec9cb0ba60cd,화성제조,주식회사이노피앤씨,0,PRODUCTION_NULL_OR_ZERO,EXACT,HIGH,normalized display name + customer + contract amount,1,LINK,,
S074,"포항 환호공원2블럭 (현대건설) (7월, 9월, 10월, 11월)",삼표피앤씨 주식회사,78687800,9663923c-070f-4753-9476-b5142829a389,"포항 환호공원2블럭(현대건설) 지하주차장 PC부재 보수(7월, 9월, 10월, 11월)",삼표피앤씨 주식회사,78687800,EXACT_AMOUNT,AUTO_SAFE_LINK,HIGH,single candidate supported by customer + amount + name context (0.75),1,LINK,,
S075,용인 Y1 IBL CUB동 이색보수 철야공사(2025-11),아이에스동서(주),17890000,974ddc6a-97c5-48a5-b13a-5361af92c896,용인 Y1 IBL CUB동 이색보수 철야공사(11월),아이에스동서(주),17890000,EXACT_AMOUNT,AUTO_SAFE_LINK,HIGH,single candidate supported by customer + amount + name context (0.84),5,LINK,,
S076,동탄 물류센터 OEM (까뮤이앤씨),아이에스동서(주) 이천지점,4500000,976f1289-1381-4c7e-9e36-35ecfd78409f,동탄 물류센터 OEM(까뮤이앤씨) PC부재 보수,아이에스동서(주) 이천지점,4500000,EXACT_AMOUNT,AUTO_SAFE_LINK,HIGH,single candidate supported by customer + amount + name context (0.81),1,LINK,,
S077,방배5구역,삼표피앤씨 주식회사,112400000,97ad1dbb-5165-4878-a819-700601172e16,방배5구역,삼표피앤씨 주식회사,112400000,EXACT_AMOUNT,EXACT,HIGH,normalized display name + customer + contract amount,1,LINK,,
S080,안양평촌트리지아 (현대건설),삼표피앤씨 주식회사,6714000,a6f65905-c751-43af-8e19-b1dbead58c1d,안양평촌트리지아(현대건설),삼표피앤씨 주식회사,6714000,EXACT_AMOUNT,EXACT,HIGH,normalized display name + customer + contract amount,1,LINK,,
S081,"용인Y1FAB동 지상2, 3층 그리드빔 단차",삼표피앤씨 주식회사,0,b06866b7-c5ee-4808-aaf6-e54a01644a2c,"용인Y1FAB동 지상2,3층 그리드빔 단차보수",삼표피앤씨 주식회사,0,PRODUCTION_NULL_OR_ZERO,AUTO_SAFE_LINK,HIGH,single candidate supported by customer + amount + name context (0.95),2,LINK,,
S082,충남미술관 공영주차장 (도원이엔씨),삼표피앤씨 주식회사,8344000,b147d87a-f04b-4cf4-b287-34689e4bc7b3,충남미술관 공영주차장(도원이엔씨) PC부재 보수,삼표피앤씨 주식회사,8344000,EXACT_AMOUNT,AUTO_SAFE_LINK,HIGH,single candidate supported by customer + amount + name context (0.82),1,LINK,,
S083,까뮤이앤씨 이천공장 용인 Y1 코어 계단실 전기박스 보수,주식회사 연우구조,2200000,bf7cba46-eee4-4f3e-b5bf-f76ac25c9920,까뮤이앤씨 이천공장 용인 Y1 코어 계단실 전기박스 보수,주식회사 연우구조,2200000,EXACT_AMOUNT,EXACT,HIGH,normalized display name + customer + contract amount,2,LINK,,
S084,SK하이닉스 Y1 CUB동 (SK에코플랜트) 기술용역 (2층),삼표피앤씨 주식회사,13451700,bfc6fa05-10e8-4e63-8693-97d20586649f,SK하이닉스 Y1 CUB동(SK에코플랜트) PC부재 보수 기술용역(2층),삼표피앤씨 주식회사,13451700,EXACT_AMOUNT,AUTO_SAFE_LINK,HIGH,single candidate supported by customer + amount + name context (0.85),5,LINK,,
S085,광주첨단센트럴 (현대엔지니어링),삼표피앤씨 주식회사,92779200,c00550ed-9531-4124-b7e7-6c1eccdf7982,광주첨단센트럴(현대엔지니어링),삼표피앤씨 주식회사,92779200,EXACT_AMOUNT,EXACT,HIGH,normalized display name + customer + contract amount,2,LINK,,
S087,개포1단지 (현대건설),삼표피앤씨 주식회사,9772300,c372bfd4-19ef-4f6e-9d9d-c1f802fd1613,개포1단지(현대건설) 지하주차장 PC부재 보수,삼표피앤씨 주식회사,9772300,EXACT_AMOUNT,AUTO_SAFE_LINK,HIGH,single candidate supported by customer + amount + name context (0.59),1,LINK,,
S088,경산제4물류센터 (현대건설),삼표피앤씨 주식회사,5321700,c7bbb8d1-9824-41f4-ac3d-9f38791295b1,경산제4물류센터(현대건설),삼표피앤씨 주식회사,5321700,EXACT_AMOUNT,EXACT,HIGH,normalized display name + customer + contract amount,1,LINK,,
S089,넥스티엘 검단 101,(주)삼표산업 인천몰탈공장,2578750,c94892d8-e7a3-4888-8267-0b7734a7b8bf,넥스티엘 검단 101,(주)삼표산업 인천몰탈공장,2578750,EXACT_AMOUNT,EXACT,HIGH,normalized display name + customer + contract amount,1,LINK,,
S090,아산 탕정지구 A-2BL 공동주택,(주)케이세웅건설 충주피씨공장,800000,cbe2f007-9e29-4902-8d76-343d5cef005b,아산 탕정지구 A-2BL 공동주택 지하주차장 인젝션 균열보수,(주)케이세웅건설 충주피씨공장,800000,EXACT_AMOUNT,DUPLICATE_NAME_SEPARATE_CONTRACT,HIGH,protected ASAN; amount agrees; customer agrees; name score 0.68,2,LINK_AFTER_USER_REVIEW,Separate-contract rule fixed; UUID linkage requires review,ASAN
S091,송도센터파크,삼표피앤씨 주식회사,19962800,d518d26a-3405-436a-9ea9-da20896dd8f4,송도센터파크,삼표피앤씨 주식회사,19962800,EXACT_AMOUNT,DUPLICATE_NAME_SEPARATE_CONTRACT,HIGH,protected SONGDO; amount agrees; customer agrees; name score 1.00,1,LINK_AFTER_USER_REVIEW,Separate-contract rule fixed; UUID linkage requires review,SONGDO
S092,힐스테이트 마크로엔 램프,삼표피앤씨 주식회사,15300000,da24a359-d76e-4f31-bc31-b72917804f60,힐스테이트 마크로엔 PC부재 램프 보수,삼표피앤씨 주식회사,15300000,EXACT_AMOUNT,AUTO_SAFE_LINK,HIGH,single candidate supported by customer + amount + name context (0.69),1,LINK,,
S093,울산샤힌,삼표피앤씨 주식회사,29730000,dcb40097-9c17-489f-a7cc-af4c5902fd32,울산샤힌,삼표피앤씨 주식회사,29730000,EXACT_AMOUNT,EXACT,HIGH,normalized display name + customer + contract amount,1,LINK,,
S094,케이원 김포로지스 (SK에코플랜트) 물류센터,삼표피앤씨 주식회사,3811500,de08a5a5-c9de-4405-acce-5819699ea197,케이원 김포로지스(SK에코플랜트)물류센터 PC부재 보수,삼표피앤씨 주식회사,3811500,EXACT_AMOUNT,AUTO_SAFE_LINK,HIGH,single candidate supported by customer + amount + name context (0.86),1,LINK,,
S095,힐스테이트 푸르지오수원 (현대건설),(주)건성,4222750,dffeaf59-cf7b-4338-a2d9-f2b5b1d4b9b0,힐스테이트 푸르지오수원(현대건설)PC부재 보수,(주)건성,4222750,EXACT_AMOUNT,AUTO_SAFE_LINK,HIGH,single candidate supported by customer + amount + name context (0.82),1,LINK,,
S096,광주중앙공원,삼표피앤씨 주식회사,0,e9e3b646-e357-4d1e-993d-570d9579fc27,광주중앙공원,삼표피앤씨 주식회사,0,PRODUCTION_NULL_OR_ZERO,EXACT,HIGH,normalized display name + customer + contract amount,2,LINK,,
S097,이천덕평물류마감 지원,제이와이 컨스트럭션,1400000,eb866df7-496e-4c7f-b0ff-4043fd604767,이천덕평물류마감 지원,제이와이 컨스트럭션,1400000,EXACT_AMOUNT,EXACT,HIGH,normalized display name + customer + contract amount,1,LINK,,
S098,기타,주식회사이노피앤씨,0,ef14d53d-fc45-4054-991f-6878b2e56dd4,기타,주식회사이노피앤씨,0,PRODUCTION_NULL_OR_ZERO,EXACT,HIGH,normalized display name + customer + contract amount,1,LINK,,
S099,용인 Y1 OBL WWT 엠베드 녹제거 및 마감보수,아이에스동서(주) 이천지점,9700000,f082af25-98b6-4239-9cef-7416bb2c65fa,용인 Y1 OBL WWT 엠베드 녹제거 및 마감보수,아이에스동서(주) 이천지점,9700000,EXACT_AMOUNT,EXACT,HIGH,normalized display name + customer + contract amount,1,LINK,,
S100,힐스테이트 몬테로이 (1·2·3BL 통합),삼표피앤씨 주식회사,113115000,,,,,PRODUCTION_NULL_OR_ZERO,CANONICAL_ONLY,0,no credible Production candidate,0,KEEP_CANONICAL_ONLY,,
S101,김포북변 파손·할로코어 타설홀 컷팅·부분마감,주식회사 소명건설,1500000,f4bab9c2-c9d7-4e53-9f9e-d2ce0f99a813,김포북변 파손 보수 및 할로코어 타설홀 컷팅 및 부분 보수부위 마감,주식회사 소명건설,1500000,EXACT_AMOUNT,AUTO_SAFE_LINK,HIGH,single candidate supported by customer + amount + name context (0.70),1,LINK,,
S102,고양 장항 풍경채 (일반),(주)삼표산업 인천몰탈공장,5158750,f5806943-8c4f-4e71-82ce-96322b157068,고양 장항 풍경채(일반보수),(주)삼표산업 인천몰탈공장,5158750,EXACT_AMOUNT,AUTO_SAFE_LINK,HIGH,single candidate supported by customer + amount + name context (0.89),2,LINK,,
S103,Sk수원매교역팰루시드,(주)삼표산업 인천몰탈공장,5288750,81b9ed9e-6929-4cd4-8143-c475b18f7e02,Sk수원매교역팰루시드,(주)삼표산업 인천몰탈공장,5288750,EXACT_AMOUNT,EXACT,HIGH,normalized display name + customer + contract amount,1,LINK,,
S104,천안업성 성성호수이편한세상,(주)삼일씨엔에스,5900000,8bdf2dfa-66ae-43bf-a856-d3be9be31f2d,천안업성 성성호수이편한세상,(주)삼일씨엔에스,5900000,EXACT_AMOUNT,EXACT,HIGH,normalized display name + customer + contract amount,2,LINK,,
S105,용인 Y1 IBL CUB동 이색보수 철야공사(2026-02),아이에스동서(주),18200000,418b5d43-83c3-43ed-be95-9696891e0be0,용인 Y1 IBL CUB동 이색보수 철야공사(2월),아이에스동서(주),18200000,EXACT_AMOUNT,AUTO_SAFE_LINK,HIGH,single candidate supported by customer + amount + name context (0.88),5,LINK,,
S106,아산 탕정지구 A-2BL 공동주택,(주)케이세웅,40000000,806a28f4-9cdb-4daf-8524-722de025c0b7,아산 탕정지구 A-2BL 공동주택 지하주차장 마감보수공사,(주)케이세웅,40000000,EXACT_AMOUNT,DUPLICATE_NAME_SEPARATE_CONTRACT,HIGH,protected ASAN; amount agrees; customer agrees; name score 0.70,2,LINK_AFTER_USER_REVIEW,Separate-contract rule fixed; UUID linkage requires review,ASAN
S107,휴무,휴무,0,2b68472f-0e28-40e2-8ed7-7fd963fb15eb,휴무,휴무,0,PRODUCTION_NULL_OR_ZERO,EXACT,HIGH,normalized display name + customer + contract amount,1,LINK,,
S109,KC산업 여주공장 기둥 V컷팅,(주)케이씨산업,4500000,b94f7783-7dde-4095-b4f8-516f90eab060,KC산업 여주공장 기둥V컷팅보수건,(주)케이씨산업,4500000,EXACT_AMOUNT,AUTO_SAFE_LINK,HIGH,single candidate supported by customer + amount + name context (0.89),1,LINK,,
S110,송도 시티오시엘 힐스테이트,삼표피앤씨 주식회사,78681000,bdcd8cb7-49d7-4bd3-be33-7db8415bcda9,송도 시티오시엘 힐스테이트,삼표피앤씨 주식회사,78681000,EXACT_AMOUNT,EXACT,HIGH,normalized display name + customer + contract amount,1,LINK,,
S111,용인 Y1 SK하이닉스 FAB동,주식회사 연우구조,6300000,dd456f1f-4032-4026-ad3e-5b1b2a0b34de,용인 Y1 SK하이닉스 IBL CUB동 PC 이색 보수공사,아이에스동서(주),5740000,DIFFERENT_AMOUNT,DUPLICATE_NAME_SEPARATE_CONTRACT,MEDIUM,protected YONGIN_FAB; amount differs; customer differs; name score 0.54,1,DEFER,Separate-contract rule fixed; UUID linkage requires review,YONGIN_FAB
S112,힐스테이트 도안리버파크 3단지,삼표피앤씨 주식회사,0,b7ab85b6-836c-4fe9-bd2a-b2e929d37566,"대전도안5단지 힐스테이트 ",삼표피앤씨 주식회사,0,PRODUCTION_NULL_OR_ZERO,REVIEW_REQUIRED,LOW,candidate ranking only (0.50),4,DEFER,Insufficient multi-evidence identity proof,
S113,힐스테이트 청주 어울림사직,삼표피앤씨 주식회사,7497000,a1ee268c-8acf-44af-be06-43285fed6f13,힐스테이트 청주 어울림사직,삼표피앤씨 주식회사,7497000,EXACT_AMOUNT,EXACT,HIGH,normalized display name + customer + contract amount,1,LINK,,
S114,대전가오동롯데건설,삼표피앤씨 주식회사,2000000,25861fda-2a25-4291-8286-076f89d9a82f,대전가오동롯데건설,삼표피앤씨 주식회사,2000000,EXACT_AMOUNT,EXACT,HIGH,normalized display name + customer + contract amount,1,LINK,,
S117,광명5R구역힐스테이트 바닥균열,(주)삼표산업 인천몰탈공장,1595000,818ff162-f2ea-4599-9d4f-1f66b21e3494,광명5R구역힐스테이트 바닥균열,(주)삼표산업 인천몰탈공장,1595000,EXACT_AMOUNT,EXACT,HIGH,normalized display name + customer + contract amount,1,LINK,,
S118,속초영랑공원 균열,(주)케이세웅건설 충주피씨공장,27200000,,,,,PRODUCTION_NULL_OR_ZERO,CANONICAL_ONLY,0,no credible Production candidate,0,KEEP_CANONICAL_ONLY,,
S119,힐스테이트 도안리버파크 5단지,삼표피앤씨 주식회사,0,b7ab85b6-836c-4fe9-bd2a-b2e929d37566,"대전도안5단지 힐스테이트 ",삼표피앤씨 주식회사,0,PRODUCTION_NULL_OR_ZERO,AUTO_SAFE_LINK,HIGH,single candidate supported by customer + amount + name context (0.58),3,LINK,,
S122,이천안평리물류센터 (GPC),진솔하이테크,20000000,39fdb97d-1203-4ac2-872f-d71ad9d8672a,이천안평리물류센터(GPC),진솔하이테크,20000000,EXACT_AMOUNT,EXACT,HIGH,normalized display name + customer + contract amount,1,LINK,,
S123,SK하이닉스 Y1 CUB동 (SK에코플랜트) 4층 마감,삼표피앤씨 주식회사,19303000,b6cf6218-b702-4e53-9396-ca18ea47a277,SK하이닉스 Y1 CUB동(SK에코플랜트) 4층 마감보수,삼표피앤씨 주식회사,19303000,EXACT_AMOUNT,AUTO_SAFE_LINK,HIGH,single candidate supported by customer + amount + name context (0.95),5,LINK,,
S124,대전도안2단지힐스테이트,주식회사 이수이앤씨,15540800,85dadb6f-69f3-470d-883a-d546773b95f9,대전도안2단지힐스테이트,주식회사 이수이앤씨,15540800,EXACT_AMOUNT,EXACT,HIGH,normalized display name + customer + contract amount,2,LINK,,
S125,대전성남동 우미 신축아파트,(주)케이세웅,45600000,c65ceacb-e796-4e4e-9603-2f630cdf37c1,대전성남동(우미건설)지하주차장,(주)케이세웅,45600000,EXACT_AMOUNT,REVIEW_REQUIRED,LOW,candidate ranking only (0.50),1,DEFER,Insufficient multi-evidence identity proof,
S126,진천오리온 물류센터,(주)삼일씨엔에스,178300000,a0fc58d2-19a5-497c-993f-617a649d1b34,진천오리온 물류센터,(주)삼일씨엔에스,178300000,EXACT_AMOUNT,EXACT,HIGH,normalized display name + customer + contract amount,1,LINK,,
S127,순천덕암 (GA건설),삼표피앤씨 주식회사,6659500,ae2031f8-7c7f-48c1-a256-512579484eb1,순천덕암(GA건설),삼표피앤씨 주식회사,0,PRODUCTION_NULL_OR_ZERO,REVIEW_REQUIRED,LOW,candidate ranking only (1.00),1,DEFER,Insufficient multi-evidence identity proof,
S128,삼성물산 송도역세권 A1BL,(주)케이씨산업,0,56d14eca-9022-4ac4-a4f7-e3992b63a9a6,삼성물산 송도역세권 A1BL,(주)케이씨산업,0,PRODUCTION_NULL_OR_ZERO,EXACT,HIGH,normalized display name + customer + contract amount,1,LINK,,
S129,SK하이닉스 Y1 CUB (SK에코플랜트) 반도체 PC 5층,삼표피앤씨 주식회사,6002000,ef9c3818-7163-438b-8e5d-f0e50e9298ff,SK하이닉스 Y1 CUB(SK에코플랜트) 반도체 PC공사 5층 PC부재 보수,삼표피앤씨 주식회사,6002000,EXACT_AMOUNT,AUTO_SAFE_LINK,HIGH,single candidate supported by customer + amount + name context (0.83),5,LINK,,
S130,SK하이닉스 Y1 CUB(SK에코플랜트) 반도체 PC공사 6·7층 PC부재 보수 기술용역,삼표피앤씨 주식회사,23625000,f58b7fa1-c5fa-47a5-ac78-6c226da1019b,SK하이닉스 Y1 CUB(SK에코플랜트) 반도체 PC공사 6층 PC부재 보수,삼표피앤씨 주식회사,0,PRODUCTION_NULL_OR_ZERO,REVIEW_REQUIRED,LOW,candidate ranking only (0.89),5,DEFER,Insufficient multi-evidence identity proof,
S131,SK하이닉스 Y1 CUB동 (SK에코플랜트),삼표피앤씨 주식회사,22000000,127e46f3-9d4d-4fba-b276-bcf53791befd,SK하이닉스 Y1 CUB동(SK에코플랜트) PC부재 보수,삼표피앤씨 주식회사,22000000,EXACT_AMOUNT,AUTO_SAFE_LINK,HIGH,single candidate supported by customer + amount + name context (0.85),5,LINK,,
S132,대조1구역,(주)삼표산업 인천몰탈공장,10547500,364b1248-5fb1-4db8-aadf-d5ea9e5a775e,"대조1구역 1,2공구 균열보수(26년1월)",(주)삼표산업 인천몰탈공장,10547500,EXACT_AMOUNT,DUPLICATE_NAME_SEPARATE_CONTRACT,MEDIUM,protected DAEJO; amount agrees; customer agrees; name score 0.38,1,DEFER,Separate-contract rule fixed; UUID linkage requires review,DAEJO
S134,천안업성 성성호수공원 이편한세상 PC기둥 면,주식회사 소명건설,18300000,af5e2f6e-15e5-45c5-bdc0-c477256e6a47,천안업성 성성호수공원 이편한세상 PC기둥 면보수,주식회사 소명건설,18300000,EXACT_AMOUNT,AUTO_SAFE_LINK,HIGH,single candidate supported by customer + amount + name context (0.95),2,LINK,,
S136,대림 천안업성 노출마감 샘플링,(주)삼일씨엔에스,450000,3d4ff183-9267-4fa9-85df-2d48221afc52,대림 천안업성 노출마감 샘플링,(주)삼일씨엔에스,450000,EXACT_AMOUNT,EXACT,HIGH,normalized display name + customer + contract amount,1,LINK,,
S137,용인클러스터 1기 CUB동 PC제작 납품 보수,에이치디씨현대피씨이(주),20500000,bb3bf261-1cf9-4594-b044-03d6e46971eb,용인클러스터 1기 CUB동PC제작 납품 부재 보수,현대PCE,6000000,DIFFERENT_AMOUNT,REVIEW_REQUIRED,LOW,candidate ranking only (0.90),1,DEFER,Insufficient multi-evidence identity proof,
S138,용인Y1하이닉스 IBL CUB 6층 PC 기둥 할석 및 미장 보수공사,"주식회사 대양(DAEYANG, INC)",4370000,df54b839-2cd3-416b-b2c1-db81b70b681a,용인Y1하이닉스 IBL CUB 6층 PC 기둥 할석 및 미장 보수공사,동해기공,4370000,EXACT_AMOUNT,REVIEW_REQUIRED,LOW,candidate ranking only (1.00),4,DEFER,Insufficient multi-evidence identity proof,
S139,속초영랑공원 램프 전기박스,주식회사 대명피씨,3550000,cf816e2d-83ff-4b9f-873d-7f454177f9a2,속초영랑공원 지하주차장 램프 전기박스 보수공사,주식회사 대명피씨,3550000,EXACT_AMOUNT,AUTO_SAFE_LINK,HIGH,single candidate supported by customer + amount + name context (0.65),2,LINK,,
S140,속초영랑포스코 전기박스 조립하자,주식회사 선진피앤피,1500000,5690ea7f-0bc9-4d0a-928c-ab50a0424c8e,속초영랑포스코 지하주차장 전기박스조립하자보수,주식회사 선진피앤피,1500000,EXACT_AMOUNT,AUTO_SAFE_LINK,HIGH,single candidate supported by customer + amount + name context (0.74),2,LINK,,
S141,속초영랑 전기박스,오리엔트(주),500000,9a18d28c-b779-4faf-8295-1eac12d71164,속초영랑 전기박스 보수,오리엔트(주),500000,EXACT_AMOUNT,AUTO_SAFE_LINK,HIGH,single candidate supported by customer + amount + name context (0.88),1,LINK,,
S144,"Y1 CUB 6, 7층 기둥 오염 마감",주식회사 이수이앤씨,11655000,5316acf7-1ca1-40a6-9e50-0f67f22c7fc7,"Y1 CUB 6, 7층 PC부재 기둥 오염 마감 보수",주식회사 이수이앤씨,11655000,EXACT_AMOUNT,AUTO_SAFE_LINK,HIGH,single candidate supported by customer + amount + name context (0.75),1,LINK,,
S145,울산다운2지구 B4BL (우미린 아파트 신축),(주)케이세웅,17000000,3b559726-592d-4dbc-be86-846d5a09049f,울산다운2지구B4BL(우미린 아파트 신축공사),(주)케이세웅,17000000,EXACT_AMOUNT,AUTO_SAFE_LINK,HIGH,single candidate supported by customer + amount + name context (0.95),1,LINK,,
S146,대전옥상조형물,주식회사 이수이앤씨,700000,416b6df9-20c5-43f7-acf3-0ac0c2e8da5a,대전옥상조형물,주식회사 이수이앤씨,700000,EXACT_AMOUNT,EXACT,HIGH,normalized display name + customer + contract amount,2,LINK,,
S147,대전도안 지하차도,(주)삼일씨엔에스,12200000,2c636eae-9796-491c-80f9-45de9ca46d6f,대전도안 지하차도 PC단차 보수공사,(주)삼일씨엔에스,12200000,EXACT_AMOUNT,DUPLICATE_NAME_SEPARATE_CONTRACT,HIGH,protected DAEJEON; amount agrees; customer agrees; name score 0.64,1,LINK_AFTER_USER_REVIEW,Separate-contract rule fixed; UUID linkage requires review,DAEJEON
S148,인천검단 AA19BL 이편한세상,(주)삼일씨엔에스,11300000,216a794c-d602-4735-9bce-4adbcf870b9a,인천검단19BL 이편한세상(망사테잎),(주)삼일씨엔에스,11300000,EXACT_AMOUNT,DUPLICATE_NAME_SEPARATE_CONTRACT,HIGH,protected INCHEON_AA19; amount agrees; customer agrees; name score 0.73,1,LINK_AFTER_USER_REVIEW,Separate-contract rule fixed; UUID linkage requires review,INCHEON_AA19
S149,광주 중외공원 옥상조형물,삼표피앤씨 주식회사,0,d5387884-fb9a-4fe5-8381-baeec4652e43,광주 중외공원 옥상조형물,삼표피앤씨 주식회사,0,PRODUCTION_NULL_OR_ZERO,EXACT,HIGH,normalized display name + customer + contract amount,3,LINK,,
S150,용인 Y1 SK하이닉스 FAB동,,0,dd456f1f-4032-4026-ad3e-5b1b2a0b34de,용인 Y1 SK하이닉스 IBL CUB동 PC 이색 보수공사,아이에스동서(주),5740000,DIFFERENT_AMOUNT,DUPLICATE_NAME_SEPARATE_CONTRACT,MEDIUM,protected YONGIN_FAB; amount differs; customer differs; name score 0.54,1,DEFER,Separate-contract rule fixed; UUID linkage requires review,YONGIN_FAB
S151,용인 Y1 IBL CUB동 이색보수 철야공사(2026-03),아이에스동서(주),20300000,418b5d43-83c3-43ed-be95-9696891e0be0,용인 Y1 IBL CUB동 이색보수 철야공사(2월),아이에스동서(주),18200000,DIFFERENT_AMOUNT,REVIEW_REQUIRED,LOW,candidate ranking only (0.86),5,DEFER,Insufficient multi-evidence identity proof,
S152,용인 Y1 IBL CUB동 이색보수 철야공사(2026-04),아이에스동서(주),9500000,418b5d43-83c3-43ed-be95-9696891e0be0,용인 Y1 IBL CUB동 이색보수 철야공사(2월),아이에스동서(주),18200000,DIFFERENT_AMOUNT,REVIEW_REQUIRED,LOW,candidate ranking only (0.86),5,DEFER,Insufficient multi-evidence identity proof,
S153,용인 Y1 IBL CUB동 이색보수 철야공사(2026-05),아이에스동서(주),26700000,418b5d43-83c3-43ed-be95-9696891e0be0,용인 Y1 IBL CUB동 이색보수 철야공사(2월),아이에스동서(주),18200000,DIFFERENT_AMOUNT,REVIEW_REQUIRED,LOW,candidate ranking only (0.86),5,DEFER,Insufficient multi-evidence identity proof,
S154,용인 Y1 SK하이닉스 IBL CUB동 PC 이색 보수 주간공사(2026-06/8층),아이에스동서(주),16600000,dd456f1f-4032-4026-ad3e-5b1b2a0b34de,용인 Y1 SK하이닉스 IBL CUB동 PC 이색 보수공사,아이에스동서(주),5740000,DIFFERENT_AMOUNT,REVIEW_REQUIRED,LOW,candidate ranking only (0.79),4,DEFER,Insufficient multi-evidence identity proof,
S155,용인 Y1 IBL CUB 1~8층 E/V 홀타공(코어) 보수공사,"주식회사 대양(DAEYANG, INC)",3200000,a09de46d-86ac-4840-a339-2149a816ced8,용인Y1 IBL CUB현장 보수,킴앤씨,1100000,DIFFERENT_AMOUNT,REVIEW_REQUIRED,LOW,candidate ranking only (0.56),3,DEFER,Insufficient multi-evidence identity proof,
S163,이천중리힐스테이트(까뮤납품),삼표피앤씨 주식회사,39508400,,,,,PRODUCTION_NULL_OR_ZERO,CANONICAL_ONLY,0,no credible Production candidate,0,KEEP_CANONICAL_ONLY,,
S164,까뮤이앤씨 용인 Y1 SK하이닉스 사전지원·제품개발 대응,까뮤이앤씨,0,,,,,PRODUCTION_NULL_OR_ZERO,CANONICAL_ONLY,0,no credible Production candidate,0,KEEP_CANONICAL_ONLY,,
S165,SK하이닉스 Y1 CUB(SK에코플랜트) 8층 PC부재 보수(계산서 미확인),삼표피앤씨 주식회사,0,f58b7fa1-c5fa-47a5-ac78-6c226da1019b,SK하이닉스 Y1 CUB(SK에코플랜트) 반도체 PC공사 6층 PC부재 보수,삼표피앤씨 주식회사,0,PRODUCTION_NULL_OR_ZERO,AUTO_SAFE_LINK,HIGH,single candidate supported by customer + amount + name context (0.73),5,LINK,,
S166,오산 로지폴리스 물류센터,삼표피앤씨 주식회사,0,,,,,PRODUCTION_NULL_OR_ZERO,CANONICAL_ONLY,0,no credible Production candidate,0,KEEP_CANONICAL_ONLY,,
S167,인천검단 AA19BL 이편한세상,정효특수건설(주),2500000,216a794c-d602-4735-9bce-4adbcf870b9a,인천검단19BL 이편한세상(망사테잎),(주)삼일씨엔에스,11300000,DIFFERENT_AMOUNT,DUPLICATE_NAME_SEPARATE_CONTRACT,MEDIUM,protected INCHEON_AA19; amount differs; customer differs; name score 0.73,1,DEFER,Separate-contract rule fixed; UUID linkage requires review,INCHEON_AA19
S168,잠실 전력구 PC부재 보수공사,아이에스동서(주) 이천지점,0,247f1c4d-d22c-4ff0-8b4d-dbe17795de75,PC부재 커플러 보수공사,주식회사 벤드라인,1700000,DIFFERENT_AMOUNT,REVIEW_REQUIRED,LOW,candidate ranking only (0.55),1,DEFER,Insufficient multi-evidence identity proof,
S169,포항초곡힐스테이트(준공후),삼표피앤씨 주식회사,0,b69fb088-c427-4405-8b45-d3ec8b06a0c8,포항초곡힐스테이트(준공후),삼표피앤씨 주식회사,0,PRODUCTION_NULL_OR_ZERO,EXACT,HIGH,normalized display name + customer + contract amount,2,LINK,,
S170,광주일곡라인아파트지하주차장PC부재보수,한국오션플랫폼 주식회사,5380000,a82ae6e3-6da2-46a3-8cdb-3faf766419b2,광주일곡라인아파트지하주차장PC부재보수,한국오션플랫폼 주식회사,5380000,EXACT_AMOUNT,EXACT,HIGH,normalized display name + customer + contract amount,5,LINK,,
S171,용인Y1 FAB 철야(컷팅),삼표피앤씨 주식회사,0,6b972f39-2314-4a71-8675-ddc79712d3d0,용인y1 Fab 철야(컷팅),삼표피앤씨 주식회사,0,PRODUCTION_NULL_OR_ZERO,EXACT,HIGH,normalized display name + customer + contract amount,4,LINK,,
S172,대림 인천검단 10BL & 안양덕현 위프홀 보수,(주)삼일씨엔에스,3000000,493e1e2d-452c-4aef-8b2c-22aa7331c9b3,대림 인천검단 10bl &안양덕현 위프홀 보수,(주)삼일씨엔에스,3300000,DIFFERENT_AMOUNT,REVIEW_REQUIRED,LOW,candidate ranking only (1.00),1,DEFER,Insufficient multi-evidence identity proof,
S173,인천검단19BL 거더조인트채움보수,주식회사 소명건설,0,ca04e2a4-cdc6-4a05-b307-f37c8a596b42,인천검단19BL 거더조인트채움보수,주식회사 소명건설,0,PRODUCTION_NULL_OR_ZERO,EXACT,HIGH,normalized display name + customer + contract amount,1,LINK,,
,,,,581e9847-9126-4932-a66b-f4429c2f2b0f,대전도안3단지,삼표피앤씨 주식회사,0,,PRODUCTION_ONLY,,No canonical identity claimed this UUID,0,KEEP_PRODUCTION_ONLY,Preserve; may be post-canonical operational data,
,,,,ced8ea2f-4154-437e-be42-641e32cfa6eb,용인y1 FAB 전기박스,창영,0,,PRODUCTION_ONLY,,No canonical identity claimed this UUID,0,KEEP_PRODUCTION_ONLY,Preserve; may be post-canonical operational data,
,,,,9b0c62e2-5755-4bf3-bcba-ec1fc23e38d0,용인Y1 FAB동 전기박스보수공사,(주)연우건축기술사사무소,6300000,,PRODUCTION_ONLY,,No canonical identity claimed this UUID,0,KEEP_PRODUCTION_ONLY,Preserve; may be post-canonical operational data,
,,,,90a0a1ef-2507-46b7-a1a1-3b68a33e921b,속초영랑힐스테이트 PC보수,(주)케이세웅,27200000,,PRODUCTION_ONLY,,No canonical identity claimed this UUID,0,KEEP_PRODUCTION_ONLY,Preserve; may be post-canonical operational data,
,,,,bd728e94-9e33-478f-8240-2ad2e0b87fc3,대전 도마변동(현대엔지니어링),(주)건성,22131800,,PRODUCTION_ONLY,,No canonical identity claimed this UUID,0,KEEP_PRODUCTION_ONLY,Preserve; may be post-canonical operational data,
,,,,908f5f78-d868-46b6-bdfa-2fb6ae5a00cc,여수 죽림 내민발코니 철판 확공 보수,삼표피앤씨 주식회사,17000000,,PRODUCTION_ONLY,,No canonical identity claimed this UUID,0,KEEP_PRODUCTION_ONLY,Preserve; may be post-canonical operational data,
,,,,803f4100-3f2f-48b7-8052-814ae44e627a,용인 SK하이닉스 CUB 현장 작업 건,승현피앤씨 주식회사,3300000,,PRODUCTION_ONLY,,No canonical identity claimed this UUID,0,KEEP_PRODUCTION_ONLY,Preserve; may be post-canonical operational data,
,,,,d088a041-7353-4187-b5ee-b2bdd93c81bc,인천검단 19블럭 PC부재 조립기둥 파손보수,정효특수건설(주),2500000,,PRODUCTION_ONLY,,No canonical identity claimed this UUID,0,KEEP_PRODUCTION_ONLY,Preserve; may be post-canonical operational data,
,,,,57fab05b-3a9d-450e-b775-c978d2c28fa0,김포공항 PC패널 균열 보수공사,삼표피앤씨 주식회사,9710600,,PRODUCTION_ONLY,,No canonical identity claimed this UUID,0,KEEP_PRODUCTION_ONLY,Preserve; may be post-canonical operational data,
,,,,ae0c2e69-f5cd-4dd9-be09-28dd8c12481f,천안 두정역(현대건설),삼표피앤씨 주식회사,4249000,,PRODUCTION_ONLY,,No canonical identity claimed this UUID,0,KEEP_PRODUCTION_ONLY,Preserve; may be post-canonical operational data,
,,,,27b30fce-8a5f-4d40-ab88-b8fe256c9bf3,용인Y1CUB 코어계단실 단차보수,주식회사 연우구조,2200000,,PRODUCTION_ONLY,,No canonical identity claimed this UUID,0,KEEP_PRODUCTION_ONLY,Preserve; may be post-canonical operational data,
,,,,a445a515-101d-4abf-ada9-709633b65369,경산4물류센터 파라펫 파손 보수,삼표피앤씨 주식회사,8700000,,PRODUCTION_ONLY,,No canonical identity claimed this UUID,0,KEEP_PRODUCTION_ONLY,Preserve; may be post-canonical operational data,
,,,,45d8742e-1ff1-4c9f-b625-6e1351f25490,힐스테이트 검단 웰카운티 PC부재보수,(주)건성,55561130,,PRODUCTION_ONLY,,No canonical identity claimed this UUID,0,KEEP_PRODUCTION_ONLY,Preserve; may be post-canonical operational data,
,,,,96bb7c8c-b1de-416c-ae59-e6cdc37636f1,아이에스동서 이천공장 PC계단 전기배관 보수,티앤에스 주식회사,1100000,,PRODUCTION_ONLY,,No canonical identity claimed this UUID,0,KEEP_PRODUCTION_ONLY,Preserve; may be post-canonical operational data,
,,,,4c6d8948-04d2-4a18-840e-283527418059,PC WALL 크랙보수 및 마감공사(용인Y1 현장),아이에스동서(주) 이천지점,400000,,PRODUCTION_ONLY,,No canonical identity claimed this UUID,0,KEEP_PRODUCTION_ONLY,Preserve; may be post-canonical operational data,
,,,,f1f7fae2-8aeb-40d4-9725-abe52b6c9e6e,창원 대원1구역 PC부재(마감)보수,삼표피앤씨 주식회사,4578000,,PRODUCTION_ONLY,,No canonical identity claimed this UUID,0,KEEP_PRODUCTION_ONLY,Preserve; may be post-canonical operational data,
,,,,65bf759a-af03-4081-8f61-9dd5d18984c0,sk하이닉스m15x FUB 그리드빔보수,주식회사베스트엔지니어링,8000000,,PRODUCTION_ONLY,,No canonical identity claimed this UUID,0,KEEP_PRODUCTION_ONLY,Preserve; may be post-canonical operational data,
,,,,3f608da1-5bd4-41b6-9618-a45d6b398b63,에어리스 드레인 호스 외,삼표피앤씨 주식회사,835000,,PRODUCTION_ONLY,,No canonical identity claimed this UUID,0,KEEP_PRODUCTION_ONLY,Preserve; may be post-canonical operational data,
,,,,a235f565-ff3a-4dad-841e-2f7976964729,에어리스 기계(PC-D8000),삼표피앤씨 주식회사,2000000,,PRODUCTION_ONLY,,No canonical identity claimed this UUID,0,KEEP_PRODUCTION_ONLY,Preserve; may be post-canonical operational data,
,,,,163fbc7a-7795-487c-a294-8704850154e1,에어리스 수직건 외 기계수리,삼표피앤씨 주식회사,834000,,PRODUCTION_ONLY,,No canonical identity claimed this UUID,0,KEEP_PRODUCTION_ONLY,Preserve; may be post-canonical operational data,
,,,,87d6192e-ee83-4510-ac78-e85823e3e9b4,삼표 여주공장 PCWALL 상부면 U철근보수,세움PC엔지니어링,400000,,PRODUCTION_ONLY,,No canonical identity claimed this UUID,0,KEEP_PRODUCTION_ONLY,Preserve; may be post-canonical operational data,
,,,,ddd8f2d4-82a1-486c-ae9d-a89811d0389a,대보건설 시흥정왕 균열보수,(주)삼표산업 인천몰탈공장,2810000,,PRODUCTION_ONLY,,No canonical identity claimed this UUID,0,KEEP_PRODUCTION_ONLY,Preserve; may be post-canonical operational data,
,,,,c3d312c4-ea76-4b22-872d-63c02b630b5d,반포래미안 거더 커플러이음보수,주식회사 대관,700000,,PRODUCTION_ONLY,,No canonical identity claimed this UUID,0,KEEP_PRODUCTION_ONLY,Preserve; may be post-canonical operational data,
,,,,3471d20e-b920-4f46-94ae-4b67c2fcbc10,여수죽림 선투입보수(성보산업개발),이건테크 주식회사,6500000,,PRODUCTION_ONLY,,No canonical identity claimed this UUID,0,KEEP_PRODUCTION_ONLY,Preserve; may be post-canonical operational data,
,,,,75303396-8169-4578-b3d2-c47daf8f0afd,용인Y1  wwt  PC철근컷팅보수,에쓰유(SU)산업,840000,,PRODUCTION_ONLY,,No canonical identity claimed this UUID,0,KEEP_PRODUCTION_ONLY,Preserve; may be post-canonical operational data,
,,,,7cdd5e25-3c79-443f-bd17-105508a72661,"여수 죽림더프라우드(현대건설)지하주차장 PC부재 보수(9월, 11월)",삼표피앤씨 주식회사,33489000,,PRODUCTION_ONLY,,No canonical identity claimed this UUID,0,KEEP_PRODUCTION_ONLY,Preserve; may be post-canonical operational data,
,,,,c3701c0b-463c-4892-8b95-99289174e7d8,동진PCE 음성공장 PC부재 보수 기술 용역,(주)연우건축기술사사무소,700000,,PRODUCTION_ONLY,,No canonical identity claimed this UUID,0,KEEP_PRODUCTION_ONLY,Preserve; may be post-canonical operational data,
,,,,8c6eba31-9ce6-404c-87b8-f9e37e48b6a9,용인 및 광주 현장 면보수 지원 노무비 외,주식회사 해동산업,4550000,,PRODUCTION_ONLY,,No canonical identity claimed this UUID,0,KEEP_PRODUCTION_ONLY,Preserve; may be post-canonical operational data,
,,,,8fd4c9a7-288b-4ce3-8242-f34bd6cd23c8,아이에스동서 음성 공장 균열 보수,카우퍼종합건설 주식회사,1845000,,PRODUCTION_ONLY,,No canonical identity claimed this UUID,0,KEEP_PRODUCTION_ONLY,Preserve; may be post-canonical operational data,
,,,,f170420a-c222-4a14-927a-54c3c971dae8,용인왕산2블럭,삼표피앤씨 주식회사,0,,PRODUCTION_ONLY,,No canonical identity claimed this UUID,0,KEEP_PRODUCTION_ONLY,Preserve; may be post-canonical operational data,
,,,,64d1c1d5-e1d5-4737-9839-d41ea248c439,대조1구역 1공구 균열보수(11월),(주)삼표산업 인천몰탈공장,4543750,,PRODUCTION_ONLY,,No canonical identity claimed this UUID,0,KEEP_PRODUCTION_ONLY,Preserve; may be post-canonical operational data,
,,,,2fe7ab3e-f4e7-496d-83d0-bf5b99c5182d,"힐스테이트 이천역 1,2단지(까뮤이앤씨)",삼표피앤씨 주식회사,13314280,,PRODUCTION_ONLY,,No canonical identity claimed this UUID,0,KEEP_PRODUCTION_ONLY,Preserve; may be post-canonical operational data,
